AÑO,MUNICIPIO,TIPO DE EXPLOTACION,PRODUCCION POR VACA (LITROS/DIA),VACAS PARA ORDEÑO,TOTAL LITROS/DÍA
2017,ALMEIDA,LECHERIA ESPECIALIZADA,,,0
2017,ALMEIDA,LECHERIA TRADICIONAL,6,110,660
2017,ALMEIDA,DOBLE PROPOSITO,4,495,1980
2017,AQUITANIA,LECHERIA ESPECIALIZADA,,,0
2017,AQUITANIA,LECHERIA TRADICIONAL,,,0
2017,AQUITANIA,DOBLE PROPOSITO,6,4229,25374
2017,ARCABUCO,LECHERIA ESPECIALIZADA,12,480,5760
2017,ARCABUCO,LECHERIA TRADICIONAL,8,610,4880
2017,ARCABUCO,DOBLE PROPOSITO,10,1340,13400
2017,BELEN,LECHERIA ESPECIALIZADA,15,1800,27000
2017,BELEN,LECHERIA TRADICIONAL,6,1100,6600
2017,BELEN,DOBLE PROPOSITO,10,3000,30000
2017,BERBEO,LECHERIA ESPECIALIZADA,,,0
2017,BERBEO,LECHERIA TRADICIONAL,4,95,380
2017,BERBEO,DOBLE PROPOSITO,5,60,300
2017,BETEITIVA,LECHERIA ESPECIALIZADA,,,0
2017,BETEITIVA,LECHERIA TRADICIONAL,,,0
2017,BETEITIVA,DOBLE PROPOSITO,4,1200,4200
2017,BOAVITA,LECHERIA ESPECIALIZADA,8,100,800
2017,BOAVITA,LECHERIA TRADICIONAL,4,280,1120
2017,BOAVITA,DOBLE PROPOSITO,6,450,2700
2017,BOYACA,LECHERIA ESPECIALIZADA,10,23,230
2017,BOYACA,LECHERIA TRADICIONAL,,,0
2017,BOYACA,DOBLE PROPOSITO,5,800,4000
2017,BRICEÑO,LECHERIA ESPECIALIZADA,6,280,1680
2017,BRICEÑO,LECHERIA TRADICIONAL,4,180,720
2017,BRICEÑO,DOBLE PROPOSITO,3,150,450
2017,BUENAVISTA,LECHERIA ESPECIALIZADA,9,180,1620
2017,BUENAVISTA,LECHERIA TRADICIONAL,6,550,3300
2017,BUENAVISTA,DOBLE PROPOSITO,7,700,4900
2017,BUSBANZA,LECHERIA ESPECIALIZADA,,,0
2017,BUSBANZA,LECHERIA TRADICIONAL,,,0
2017,BUSBANZA,DOBLE PROPOSITO,4,94,376
2017,CALDAS,LECHERIA ESPECIALIZADA,8,200,1600
2017,CALDAS,LECHERIA TRADICIONAL,4,900,3600
2017,CALDAS,DOBLE PROPOSITO,4,400,1600
2017,CAMPOHERMOSO,LECHERIA ESPECIALIZADA,,,0
2017,CAMPOHERMOSO,LECHERIA TRADICIONAL,,,0
2017,CAMPOHERMOSO,DOBLE PROPOSITO,4,1715,6860
2017,CERINZA,LECHERIA ESPECIALIZADA,12,363,4356
2017,CERINZA,LECHERIA TRADICIONAL,,,0
2017,CERINZA,DOBLE PROPOSITO,5,1452,7260
2017,CHINAVITA,LECHERIA ESPECIALIZADA,,,0
2017,CHINAVITA,LECHERIA TRADICIONAL,8,1687,13496
2017,CHINAVITA,DOBLE PROPOSITO,10,198,1980
2017,CHIQUINQUIRA,LECHERIA ESPECIALIZADA,15,8600,129000
2017,CHIQUINQUIRA,LECHERIA TRADICIONAL,,,0
2017,CHIQUINQUIRA,DOBLE PROPOSITO,5,2500,12500
2017,CHIQUIZA,LECHERIA ESPECIALIZADA,7,300,2100
2017,CHIQUIZA,LECHERIA TRADICIONAL,4,800,3200
2017,CHIQUIZA,DOBLE PROPOSITO,5,100,500
2017,CHISCAS,LECHERIA ESPECIALIZADA,,,0
2017,CHISCAS,LECHERIA TRADICIONAL,6,56,336
2017,CHISCAS,DOBLE PROPOSITO,8,650,5200
2017,CHITA,LECHERIA ESPECIALIZADA,,,0
2017,CHITA,LECHERIA TRADICIONAL,5,855,4275
2017,CHITA,DOBLE PROPOSITO,6,500,3000
2017,CHITARAQUE,LECHERIA ESPECIALIZADA,,,0
2017,CHITARAQUE,LECHERIA TRADICIONAL,3,200,600
2017,CHITARAQUE,DOBLE PROPOSITO,,,0
2017,CHIVATA,LECHERIA ESPECIALIZADA,8,85,680
2017,CHIVATA,LECHERIA TRADICIONAL,4,300,1200
2017,CHIVATA,DOBLE PROPOSITO,6,500,3000
2017,CHIVOR,LECHERIA ESPECIALIZADA,,,0
2017,CHIVOR,LECHERIA TRADICIONAL,6,170,1020
2017,CHIVOR,DOBLE PROPOSITO,5,200,1000
2017,CIENEGA,LECHERIA ESPECIALIZADA,12,200,2400
2017,CIENEGA,LECHERIA TRADICIONAL,6,1350,8100
2017,CIENEGA,DOBLE PROPOSITO,10,850,8500
2017,COMBITA,LECHERIA ESPECIALIZADA,12,200,2400
2017,COMBITA,LECHERIA TRADICIONAL,8,3500,28000
2017,COMBITA,DOBLE PROPOSITO,10,1000,10000
2017,COPER,LECHERIA ESPECIALIZADA,8,120,960
2017,COPER,LECHERIA TRADICIONAL,4,500,2000
2017,COPER,DOBLE PROPOSITO,3,300,900
2017,CORRALES,LECHERIA ESPECIALIZADA,8,40,320
2017,CORRALES,LECHERIA TRADICIONAL,6,100,600
2017,CORRALES,DOBLE PROPOSITO,7,104,728
2017,COVARACHIA,LECHERIA ESPECIALIZADA,,,0
2017,COVARACHIA,LECHERIA TRADICIONAL,3,450,1350
2017,COVARACHIA,DOBLE PROPOSITO,2,150,300
2017,CUBARA,LECHERIA ESPECIALIZADA,,,0
2017,CUBARA,LECHERIA TRADICIONAL,4,1600,6400
2017,CUBARA,DOBLE PROPOSITO,7,2000,14000
2017,CUCAITA,LECHERIA ESPECIALIZADA,8,50,400
2017,CUCAITA,LECHERIA TRADICIONAL,4,400,1600
2017,CUCAITA,DOBLE PROPOSITO,3,200,600
2017,CUITIVA,LECHERIA ESPECIALIZADA,,,0
2017,CUITIVA,LECHERIA TRADICIONAL,10,50,500
2017,CUITIVA,DOBLE PROPOSITO,8,103,824
2017,DUITAMA,LECHERIA ESPECIALIZADA,12,2400,28800
2017,DUITAMA,LECHERIA TRADICIONAL,3,900,2700
2017,DUITAMA,DOBLE PROPOSITO,6,2300,13800
2017,EL COCUY,LECHERIA ESPECIALIZADA,,,0
2017,EL COCUY,LECHERIA TRADICIONAL,,,0
2017,EL COCUY,DOBLE PROPOSITO,6,2500,15000
2017,EL ESPINO,LECHERIA ESPECIALIZADA,,,0
2017,EL ESPINO,LECHERIA TRADICIONAL,,,0
2017,EL ESPINO,DOBLE PROPOSITO,6,1050,6300
2017,FIRAVITOBA,LECHERIA ESPECIALIZADA,15,1230,18450
2017,FIRAVITOBA,LECHERIA TRADICIONAL,8,600,4800
2017,FIRAVITOBA,DOBLE PROPOSITO,12,100,1200
2017,FLORESTA,LECHERIA ESPECIALIZADA,,,0
2017,FLORESTA,LECHERIA TRADICIONAL,4,1300,5720
2017,FLORESTA,DOBLE PROPOSITO,,,0
2017,GACHANTIVA,LECHERIA ESPECIALIZADA,,,0
2017,GACHANTIVA,LECHERIA TRADICIONAL,4,560,2240
2017,GACHANTIVA,DOBLE PROPOSITO,4,560,1960
2017,GAMEZA,LECHERIA ESPECIALIZADA,,,0
2017,GAMEZA,LECHERIA TRADICIONAL,,,0
2017,GAMEZA,DOBLE PROPOSITO,6,1250,7500
2017,GARAGOA,LECHERIA ESPECIALIZADA,,,0
2017,GARAGOA,LECHERIA TRADICIONAL,7,799,5593
2017,GARAGOA,DOBLE PROPOSITO,5,3194,15970
2017,GUACAMAYAS,LECHERIA ESPECIALIZADA,,,0
2017,GUACAMAYAS,LECHERIA TRADICIONAL,5,180,900
2017,GUACAMAYAS,DOBLE PROPOSITO,3,400,1200
2017,GUATEQUE,LECHERIA ESPECIALIZADA,8,30,240
2017,GUATEQUE,LECHERIA TRADICIONAL,5,70,350
2017,GUATEQUE,DOBLE PROPOSITO,6,260,1560
2017,GUAYATA,LECHERIA ESPECIALIZADA,,,0
2017,GUAYATA,LECHERIA TRADICIONAL,5,565,2825
2017,GUAYATA,DOBLE PROPOSITO,6,170,1020
2017,GUICAN,LECHERIA ESPECIALIZADA,8,184,1472
2017,GUICAN,LECHERIA TRADICIONAL,5,681,3405
2017,GUICAN,DOBLE PROPOSITO,6,621,3726
2017,IZA,LECHERIA ESPECIALIZADA,15,750,11250
2017,IZA,LECHERIA TRADICIONAL,10,110,1100
2017,IZA,DOBLE PROPOSITO,8,350,2800
2017,JENESANO,LECHERIA ESPECIALIZADA,10,262,2620
2017,JENESANO,LECHERIA TRADICIONAL,6,262,1572
2017,JENESANO,DOBLE PROPOSITO,8,1050,8400
2017,JERICO,LECHERIA ESPECIALIZADA,,,0
2017,JERICO,LECHERIA TRADICIONAL,5,400,2000
2017,JERICO,DOBLE PROPOSITO,6,600,3600
2017,LA CAPILLA,LECHERIA ESPECIALIZADA,,,0
2017,LA CAPILLA,LECHERIA TRADICIONAL,,,0
2017,LA CAPILLA,DOBLE PROPOSITO,5,750,3750
2017,LA UVITA,LECHERIA ESPECIALIZADA,,,0
2017,LA UVITA,LECHERIA TRADICIONAL,7,730,5110
2017,LA UVITA,DOBLE PROPOSITO,8,1850,14800
2017,LA VICTORIA,LECHERIA ESPECIALIZADA,,,0
2017,LA VICTORIA,LECHERIA TRADICIONAL,3,170,510
2017,LA VICTORIA,DOBLE PROPOSITO,3,30,90
2017,LABRANZAGRANDE,LECHERIA ESPECIALIZADA,,,0
2017,LABRANZAGRANDE,LECHERIA TRADICIONAL,,,0
2017,LABRANZAGRANDE,DOBLE PROPOSITO,5,1100,5500
2017,MACANAL,LECHERIA ESPECIALIZADA,,,0
2017,MACANAL,LECHERIA TRADICIONAL,,,0
2017,MACANAL,DOBLE PROPOSITO,4,2843,11372
2017,MARIPI,LECHERIA ESPECIALIZADA,10,180,1800
2017,MARIPI,LECHERIA TRADICIONAL,4,550,2200
2017,MARIPI,DOBLE PROPOSITO,7,680,4760
2017,MIRAFLORES,LECHERIA ESPECIALIZADA,10,50,500
2017,MIRAFLORES,LECHERIA TRADICIONAL,4,2800,11200
2017,MIRAFLORES,DOBLE PROPOSITO,6,1468,8808
2017,MONGUA,LECHERIA ESPECIALIZADA,,,0
2017,MONGUA,LECHERIA TRADICIONAL,6,450,2700
2017,MONGUA,DOBLE PROPOSITO,7,640,4480
2017,MONGUI,LECHERIA ESPECIALIZADA,,,0
2017,MONGUI,LECHERIA TRADICIONAL,,,0
2017,MONGUI,DOBLE PROPOSITO,10,1400,14000
2017,MONIQUIRA,LECHERIA ESPECIALIZADA,12,620,7440
2017,MONIQUIRA,LECHERIA TRADICIONAL,4,3000,12000
2017,MONIQUIRA,DOBLE PROPOSITO,10,300,3000
2017,MOTAVITA,LECHERIA ESPECIALIZADA,10,200,2000
2017,MOTAVITA,LECHERIA TRADICIONAL,5,250,1125
2017,MOTAVITA,DOBLE PROPOSITO,7,1350,9450
2017,MUZO,LECHERIA ESPECIALIZADA,10,400,4000
2017,MUZO,LECHERIA TRADICIONAL,5,750,3750
2017,MUZO,DOBLE PROPOSITO,7,904,6328
2017,NOBSA,LECHERIA ESPECIALIZADA,,,0
2017,NOBSA,LECHERIA TRADICIONAL,4,820,3280
2017,NOBSA,DOBLE PROPOSITO,,,0
2017,NUEVO COLON,LECHERIA ESPECIALIZADA,,,0
2017,NUEVO COLON,LECHERIA TRADICIONAL,,,0
2017,NUEVO COLON,DOBLE PROPOSITO,6,120,720
2017,OICATA,LECHERIA ESPECIALIZADA,12,1250,15000
2017,OICATA,LECHERIA TRADICIONAL,6,1400,8400
2017,OICATA,DOBLE PROPOSITO,7,75,525
2017,OTANCHE,LECHERIA ESPECIALIZADA,10,30,300
2017,OTANCHE,LECHERIA TRADICIONAL,4,300,1200
2017,OTANCHE,DOBLE PROPOSITO,8,2000,16000
2017,PACHAVITA,LECHERIA ESPECIALIZADA,,,0
2017,PACHAVITA,LECHERIA TRADICIONAL,7,200,1400
2017,PACHAVITA,DOBLE PROPOSITO,5,1150,5750
2017,PAEZ,LECHERIA ESPECIALIZADA,,,0
2017,PAEZ,LECHERIA TRADICIONAL,,,0
2017,PAEZ,DOBLE PROPOSITO,4,3450,13800
2017,PAIPA,LECHERIA ESPECIALIZADA,18,2500,45000
2017,PAIPA,LECHERIA TRADICIONAL,8,1740,13920
2017,PAIPA,DOBLE PROPOSITO,12,3200,38400
2017,PAJARITO,LECHERIA ESPECIALIZADA,,,0
2017,PAJARITO,LECHERIA TRADICIONAL,8,120,960
2017,PAJARITO,DOBLE PROPOSITO,7,180,1260
2017,PANQUEBA,LECHERIA ESPECIALIZADA,10,100,1000
2017,PANQUEBA,LECHERIA TRADICIONAL,7,420,2940
2017,PANQUEBA,DOBLE PROPOSITO,8,350,2800
2017,PAUNA,LECHERIA ESPECIALIZADA,10,720,7200
2017,PAUNA,LECHERIA TRADICIONAL,8,430,3440
2017,PAUNA,DOBLE PROPOSITO,4,1450,5800
2017,PAYA,LECHERIA ESPECIALIZADA,12,20,240
2017,PAYA,LECHERIA TRADICIONAL,4,500,2000
2017,PAYA,DOBLE PROPOSITO,8,100,800
2017,PAZ DE RIO,LECHERIA ESPECIALIZADA,,,0
2017,PAZ DE RIO,LECHERIA TRADICIONAL,,,0
2017,PAZ DE RIO,DOBLE PROPOSITO,6,400,2400
2017,PESCA,LECHERIA ESPECIALIZADA,12,2400,28800
2017,PESCA,LECHERIA TRADICIONAL,5,1500,7500
2017,PESCA,DOBLE PROPOSITO,9,1500,13500
2017,PISBA,LECHERIA ESPECIALIZADA,,,0
2017,PISBA,LECHERIA TRADICIONAL,3,157,471
2017,PISBA,DOBLE PROPOSITO,2,315,630
2017,PUERTO BOYACA,LECHERIA ESPECIALIZADA,12,5000,60000
2017,PUERTO BOYACA,LECHERIA TRADICIONAL,3,18000,54000
2017,PUERTO BOYACA,DOBLE PROPOSITO,4,22000,77000
2017,QUIPAMA,LECHERIA ESPECIALIZADA,,,0
2017,QUIPAMA,LECHERIA TRADICIONAL,5,200,1000
2017,QUIPAMA,DOBLE PROPOSITO,7,924,6468
2017,RAMIRIQUI,LECHERIA ESPECIALIZADA,,,0
2017,RAMIRIQUI,LECHERIA TRADICIONAL,8,200,1600
2017,RAMIRIQUI,DOBLE PROPOSITO,10,2000,20000
2017,RAQUIRA,LECHERIA ESPECIALIZADA,10,300,3000
2017,RAQUIRA,LECHERIA TRADICIONAL,4,380,1520
2017,RAQUIRA,DOBLE PROPOSITO,5,650,3250
2017,RONDON,LECHERIA ESPECIALIZADA,,,0
2017,RONDON,LECHERIA TRADICIONAL,7,1460,10220
2017,RONDON,DOBLE PROPOSITO,6,460,2760
2017,SABOYA,LECHERIA ESPECIALIZADA,15,1400,21000
2017,SABOYA,LECHERIA TRADICIONAL,6,1200,7200
2017,SABOYA,DOBLE PROPOSITO,10,6953,69530
2017,SACHICA,LECHERIA ESPECIALIZADA,,,0
2017,SACHICA,LECHERIA TRADICIONAL,4,28,112
2017,SACHICA,DOBLE PROPOSITO,,,0
2017,SAMACA,LECHERIA ESPECIALIZADA,14,320,4480
2017,SAMACA,LECHERIA TRADICIONAL,7,780,5460
2017,SAMACA,DOBLE PROPOSITO,10,1525,15250
2017,SAN EDUARDO,LECHERIA ESPECIALIZADA,10,20,200
2017,SAN EDUARDO,LECHERIA TRADICIONAL,6,60,360
2017,SAN EDUARDO,DOBLE PROPOSITO,8,780,6240
2017,SAN JOSE DE PARE,LECHERIA ESPECIALIZADA,,,0
2017,SAN JOSE DE PARE,LECHERIA TRADICIONAL,6,40,240
2017,SAN JOSE DE PARE,DOBLE PROPOSITO,8,120,960
2017,SAN LUIS DE GACENO,LECHERIA ESPECIALIZADA,,,0
2017,SAN LUIS DE GACENO,LECHERIA TRADICIONAL,,,0
2017,SAN LUIS DE GACENO,DOBLE PROPOSITO,4,7250,25375
2017,SAN MATEO,LECHERIA ESPECIALIZADA,,,0
2017,SAN MATEO,LECHERIA TRADICIONAL,4,45,158
2017,SAN MATEO,DOBLE PROPOSITO,9,450,3825
2017,SAN MIGUEL DE SEMA,LECHERIA ESPECIALIZADA,18,4500,81000
2017,SAN MIGUEL DE SEMA,LECHERIA TRADICIONAL,8,3000,24000
2017,SAN MIGUEL DE SEMA,DOBLE PROPOSITO,12,100,1200
2017,SAN PABLO DE BORBUR,LECHERIA ESPECIALIZADA,,,0
2017,SAN PABLO DE BORBUR,LECHERIA TRADICIONAL,3,350,1050
2017,SAN PABLO DE BORBUR,DOBLE PROPOSITO,8,1800,14400
2017,SANTA MARIA,LECHERIA ESPECIALIZADA,,,0
2017,SANTA MARIA,LECHERIA TRADICIONAL,,,0
2017,SANTA MARIA,DOBLE PROPOSITO,4,3190,12760
2017,SANTA ROSA DE VITERBO,LECHERIA ESPECIALIZADA,10,1274,12740
2017,SANTA ROSA DE VITERBO,LECHERIA TRADICIONAL,4,1374,5496
2017,SANTA ROSA DE VITERBO,DOBLE PROPOSITO,6,1664,9984
2017,SANTA SOFIA,LECHERIA ESPECIALIZADA,,,0
2017,SANTA SOFIA,LECHERIA TRADICIONAL,7,280,1960
2017,SANTA SOFIA,DOBLE PROPOSITO,5,350,1750
2017,SANTANA,LECHERIA ESPECIALIZADA,,,0
2017,SANTANA,LECHERIA TRADICIONAL,4,86,344
2017,SANTANA,DOBLE PROPOSITO,,,0
2017,SATIVANORTE,LECHERIA ESPECIALIZADA,,,0
2017,SATIVANORTE,LECHERIA TRADICIONAL,,,0
2017,SATIVANORTE,DOBLE PROPOSITO,8,1350,10800
2017,SATIVASUR,LECHERIA ESPECIALIZADA,9,40,360
2017,SATIVASUR,LECHERIA TRADICIONAL,5,151,755
2017,SATIVASUR,DOBLE PROPOSITO,7,324,2268
2017,SIACHOQUE,LECHERIA ESPECIALIZADA,12,400,4800
2017,SIACHOQUE,LECHERIA TRADICIONAL,5,300,1500
2017,SIACHOQUE,DOBLE PROPOSITO,10,300,3000
2017,SOATA,LECHERIA ESPECIALIZADA,,,0
2017,SOATA,LECHERIA TRADICIONAL,3,120,360
2017,SOATA,DOBLE PROPOSITO,5,90,450
2017,SOCHA,LECHERIA ESPECIALIZADA,10,80,800
2017,SOCHA,LECHERIA TRADICIONAL,5,400,2000
2017,SOCHA,DOBLE PROPOSITO,7,125,875
2017,SOCOTA,LECHERIA ESPECIALIZADA,,,0
2017,SOCOTA,LECHERIA TRADICIONAL,8,550,4400
2017,SOCOTA,DOBLE PROPOSITO,10,110,1100
2017,SOGAMOSO,LECHERIA ESPECIALIZADA,12,650,7800
2017,SOGAMOSO,LECHERIA TRADICIONAL,4,1000,4000
2017,SOGAMOSO,DOBLE PROPOSITO,5,1500,7500
2017,SOMONDOCO,LECHERIA ESPECIALIZADA,,,0
2017,SOMONDOCO,LECHERIA TRADICIONAL,,,0
2017,SOMONDOCO,DOBLE PROPOSITO,5,753,3389
2017,SORA,LECHERIA ESPECIALIZADA,,,0
2017,SORA,LECHERIA TRADICIONAL,8,750,6000
2017,SORA,DOBLE PROPOSITO,,,0
2017,SORACA,LECHERIA ESPECIALIZADA,12,600,7200
2017,SORACA,LECHERIA TRADICIONAL,7,1300,9100
2017,SORACA,DOBLE PROPOSITO,10,800,8000
2017,SOTAQUIRA,LECHERIA ESPECIALIZADA,16,4500,72000
2017,SOTAQUIRA,LECHERIA TRADICIONAL,7,1120,7840
2017,SOTAQUIRA,DOBLE PROPOSITO,10,1230,12300
2017,SUSACON,LECHERIA ESPECIALIZADA,10,92,920
2017,SUSACON,LECHERIA TRADICIONAL,7,410,2870
2017,SUSACON,DOBLE PROPOSITO,4,710,2840
2017,SUTAMARCHAN,LECHERIA ESPECIALIZADA,,,0
2017,SUTAMARCHAN,LECHERIA TRADICIONAL,,,0
2017,SUTAMARCHAN,DOBLE PROPOSITO,6,802,4812
2017,SUTATENZA,LECHERIA ESPECIALIZADA,,,0
2017,SUTATENZA,LECHERIA TRADICIONAL,7,75,525
2017,SUTATENZA,DOBLE PROPOSITO,5,132,660
2017,TASCO,LECHERIA ESPECIALIZADA,,,0
2017,TASCO,LECHERIA TRADICIONAL,,,0
2017,TASCO,DOBLE PROPOSITO,6,1100,6600
2017,TENZA,LECHERIA ESPECIALIZADA,,,0
2017,TENZA,LECHERIA TRADICIONAL,3,40,120
2017,TENZA,DOBLE PROPOSITO,4,350,1400
2017,TIBANA,LECHERIA ESPECIALIZADA,,,0
2017,TIBANA,LECHERIA TRADICIONAL,6,740,4440
2017,TIBANA,DOBLE PROPOSITO,8,550,4400
2017,TIBASOSA,LECHERIA ESPECIALIZADA,15,40,600
2017,TIBASOSA,LECHERIA TRADICIONAL,6,1000,6000
2017,TIBASOSA,DOBLE PROPOSITO,10,830,8300
2017,TINJACA,LECHERIA ESPECIALIZADA,10,112,1120
2017,TINJACA,LECHERIA TRADICIONAL,4,98,392
2017,TINJACA,DOBLE PROPOSITO,7,515,3605
2017,TIPACOQUE,LECHERIA ESPECIALIZADA,,,0
2017,TIPACOQUE,LECHERIA TRADICIONAL,,,0
2017,TIPACOQUE,DOBLE PROPOSITO,8,100,800
2017,TOCA,LECHERIA ESPECIALIZADA,14,800,11200
2017,TOCA,LECHERIA TRADICIONAL,6,1500,9000
2017,TOCA,DOBLE PROPOSITO,8,2000,16000
2017,TOGUI,LECHERIA ESPECIALIZADA,8,35,280
2017,TOGUI,LECHERIA TRADICIONAL,4,200,800
2017,TOGUI,DOBLE PROPOSITO,5,665,3325
2017,TOPAGA,LECHERIA ESPECIALIZADA,,,0
2017,TOPAGA,LECHERIA TRADICIONAL,,,0
2017,TOPAGA,DOBLE PROPOSITO,7,400,2800
2017,TOTA,LECHERIA ESPECIALIZADA,8,100,800
2017,TOTA,LECHERIA TRADICIONAL,,,0
2017,TOTA,DOBLE PROPOSITO,5,1855,9275
2017,TUNJA,LECHERIA ESPECIALIZADA,,,0
2017,TUNJA,LECHERIA TRADICIONAL,6,625,3750
2017,TUNJA,DOBLE PROPOSITO,7,1536,10752
2017,TUNUNGUA,LECHERIA ESPECIALIZADA,,,0
2017,TUNUNGUA,LECHERIA TRADICIONAL,,,0
2017,TUNUNGUA,DOBLE PROPOSITO,3,90,270
2017,TURMEQUE,LECHERIA ESPECIALIZADA,10,350,3500
2017,TURMEQUE,LECHERIA TRADICIONAL,,,0
2017,TURMEQUE,DOBLE PROPOSITO,6,2620,15720
2017,TUTA,LECHERIA ESPECIALIZADA,15,510,7650
2017,TUTA,LECHERIA TRADICIONAL,8,1600,12800
2017,TUTA,DOBLE PROPOSITO,10,4828,48280
2017,TUTAZA,LECHERIA ESPECIALIZADA,,,0
2017,TUTAZA,LECHERIA TRADICIONAL,7,1000,7000
2017,TUTAZA,DOBLE PROPOSITO,8,1800,14400
2017,UMBITA,LECHERIA ESPECIALIZADA,12,21,252
2017,UMBITA,LECHERIA TRADICIONAL,4,200,800
2017,UMBITA,DOBLE PROPOSITO,6,700,4200
2017,VENTAQUEMADA,LECHERIA ESPECIALIZADA,,,0
2017,VENTAQUEMADA,LECHERIA TRADICIONAL,10,1720,17200
2017,VENTAQUEMADA,DOBLE PROPOSITO,8,136,1088
2017,VILLA DE LEYVA,LECHERIA ESPECIALIZADA,,,0
2017,VILLA DE LEYVA,LECHERIA TRADICIONAL,5,800,4000
2017,VILLA DE LEYVA,DOBLE PROPOSITO,6,200,1200
2017,VIRACACHA,LECHERIA ESPECIALIZADA,,,0
2017,VIRACACHA,LECHERIA TRADICIONAL,6,2000,12000
2017,VIRACACHA,DOBLE PROPOSITO,5,70,350
2017,ZETAQUIRA,LECHERIA ESPECIALIZADA,10,100,1000
2017,ZETAQUIRA,LECHERIA TRADICIONAL,5,1000,5000
2017,ZETAQUIRA,DOBLE PROPOSITO,6,3000,18000
2016,SORACA,LECHERIA TRADICIONAL,8,210,1680
2016,CUCAITA,LECHERIA TRADICIONAL,6,292,1752
2016,CALDAS,LECHERIA ESPECIALIZADA,12,800,9600
2016,SANTA SOFIA,LECHERIA ESPECIALIZADA,,,
2016,BERBEO,LECHERIA ESPECIALIZADA,,,
2016,PANQUEBA,LECHERIA ESPECIALIZADA,17,20,340
2016,TOCA,LECHERIA TRADICIONAL,4,76,304
2016,TOCA,LECHERIA ESPECIALIZADA,12,790,9480
2016,SOGAMOSO,DOBLE PROPOSITO,7,370,2590
2016,DUITAMA,LECHERIA TRADICIONAL,3,900,2700
2016,GUAYATA,DOBLE PROPOSITO,6,165,990
2016,BRICEÑO,LECHERIA TRADICIONAL,4,180,720
2016,TUNUNGUA,LECHERIA TRADICIONAL,,,
2016,CHITA,LECHERIA ESPECIALIZADA,,,
2016,MIRAFLORES,LECHERIA TRADICIONAL,8,199,1592
2016,CIENEGA,LECHERIA TRADICIONAL,15,1500,22500
2016,CERINZA,DOBLE PROPOSITO,8,800,6400
2016,BELEN,LECHERIA TRADICIONAL,11.5,1500,17250
2016,CHITARAQUE,LECHERIA TRADICIONAL,,,
2016,COPER,LECHERIA ESPECIALIZADA,10,120,
2016,RONDON,LECHERIA ESPECIALIZADA,,,
2016,TUTA,LECHERIA TRADICIONAL,6,1415,8490
2016,SANTA SOFIA,DOBLE PROPOSITO,4,200,800
2016,ARCABUCO,DOBLE PROPOSITO,7,1540,10780
2016,SATIVASUR,LECHERIA ESPECIALIZADA,14,45,630
2016,TURMEQUE,LECHERIA TRADICIONAL,6,400,2400
2016,SIACHOQUE,LECHERIA TRADICIONAL,6,482,2892
2016,PAJARITO,LECHERIA TRADICIONAL,6,12,72
2016,FLORESTA,LECHERIA TRADICIONAL,6,1200,7200
2016,CHIQUIZA,LECHERIA ESPECIALIZADA,7,150,1050
2016,CHISCAS,LECHERIA TRADICIONAL,,,
2016,COPER,DOBLE PROPOSITO,3,300,
2016,VILLA DE LEYVA,LECHERIA TRADICIONAL,5,290,1450
2016,CUBARA,LECHERIA TRADICIONAL,7,144,1008
2016,COPER,LECHERIA TRADICIONAL,4,800,
2016,GUATEQUE,DOBLE PROPOSITO,5,260,1300
2016,BOAVITA,LECHERIA TRADICIONAL,4,200,800
2016,CIENEGA,LECHERIA ESPECIALIZADA,20,200,4000
2016,JENESANO,DOBLE PROPOSITO,8,,
2016,NUEVO COLON,LECHERIA ESPECIALIZADA,,,
2016,QUIPAMA,LECHERIA ESPECIALIZADA,13,350,4550
2016,COMBITA,DOBLE PROPOSITO,12,1000,12000
2016,AQUITANIA,LECHERIA ESPECIALIZADA,,,
2016,CHIQUINQUIRA,LECHERIA ESPECIALIZADA,15,8550,128250
2016,AQUITANIA,DOBLE PROPOSITO,4,4229,16916
2016,SANTA ROSA DE VITERBO,DOBLE PROPOSITO,4,1400,5600
2016,MOTAVITA,LECHERIA ESPECIALIZADA,11,190,2090
2016,PANQUEBA,DOBLE PROPOSITO,8,450,3600
2016,QUIPAMA,LECHERIA TRADICIONAL,6,250,1500
2016,GUACAMAYAS,LECHERIA ESPECIALIZADA,10,40,400
2016,TENZA,LECHERIA ESPECIALIZADA,,,
2016,PAZ DE RIO,DOBLE PROPOSITO,4,410,1640
2016,TIBANA,LECHERIA TRADICIONAL,8,600,4800
2016,PAZ DE RIO,LECHERIA ESPECIALIZADA,,,
2016,RAMIRIQUI,LECHERIA ESPECIALIZADA,,,
2016,GAMEZA,LECHERIA ESPECIALIZADA,,,
2016,MONGUA,LECHERIA ESPECIALIZADA,,,
2016,ZETAQUIRA,DOBLE PROPOSITO,5,900,4500
2016,CHIVATA,LECHERIA TRADICIONAL,7,558,3906
2016,PAEZ,DOBLE PROPOSITO,4,3566,14264
2016,BOYACA,DOBLE PROPOSITO,5,800,4000
2016,MONGUI,LECHERIA ESPECIALIZADA,,,
2016,VENTAQUEMADA,DOBLE PROPOSITO,8,500,4000
2016,CHIQUIZA,LECHERIA TRADICIONAL,5,700,3500
2016,GARAGOA,LECHERIA ESPECIALIZADA,18,69,1242
2016,CORRALES,LECHERIA TRADICIONAL,10,205,2050
2016,TOPAGA,DOBLE PROPOSITO,8,450,3600
2016,BUENAVISTA,DOBLE PROPOSITO,5,600,3000
2016,GUACAMAYAS,LECHERIA TRADICIONAL,5,165,825
2016,ALMEIDA,LECHERIA ESPECIALIZADA,,,
2016,MUZO,DOBLE PROPOSITO,2,700,1400
2016,RAQUIRA,LECHERIA TRADICIONAL,10,500,5000
2016,SUTATENZA,LECHERIA TRADICIONAL,7,61,427
2016,GARAGOA,LECHERIA TRADICIONAL,9,400,3600
2016,SABOYA,LECHERIA ESPECIALIZADA,15,,
2016,TENZA,DOBLE PROPOSITO,4,350,1400
2016,TOTA,LECHERIA ESPECIALIZADA,,,
2016,SATIVASUR,DOBLE PROPOSITO,8,360,2880
2016,COVARACHIA,LECHERIA TRADICIONAL,4,300,1200
2016,GUAYATA,LECHERIA ESPECIALIZADA,,,
2016,MUZO,LECHERIA TRADICIONAL,5,300,1500
2016,PAJARITO,LECHERIA ESPECIALIZADA,,,
2016,VENTAQUEMADA,LECHERIA TRADICIONAL,10,3000,30000
2016,SOCHA,DOBLE PROPOSITO,7,305,2135
2016,ARCABUCO,LECHERIA ESPECIALIZADA,20,480,9600
2016,SOCOTA,LECHERIA ESPECIALIZADA,,,
2016,PAYA,LECHERIA TRADICIONAL,4,500,2000
2016,SOCOTA,LECHERIA TRADICIONAL,10,450,4500
2016,BERBEO,LECHERIA TRADICIONAL,5,100,500
2016,SAN MIGUEL DE SEMA,LECHERIA TRADICIONAL,8,5000,40000
2016,SORA,LECHERIA TRADICIONAL,12,800,9600
2016,TIBASOSA,LECHERIA ESPECIALIZADA,15,800,12000
2016,SAN MIGUEL DE SEMA,LECHERIA ESPECIALIZADA,18,1500,27000
2016,JERICO,LECHERIA TRADICIONAL,6,1100,6600
2016,TOPAGA,LECHERIA TRADICIONAL,,,
2016,SOMONDOCO,DOBLE PROPOSITO,4.5,617,2776.5
2016,CHIQUIZA,DOBLE PROPOSITO,4,130,520
2016,TUTAZA,LECHERIA ESPECIALIZADA,,,
2016,TIPACOQUE,DOBLE PROPOSITO,,,
2016,TINJACA,DOBLE PROPOSITO,7,845,5915
2016,SAN EDUARDO,LECHERIA TRADICIONAL,3,318,954
2016,TOGUI,LECHERIA TRADICIONAL,,,
2016,SIACHOQUE,DOBLE PROPOSITO,4,1540,6160
2016,SACHICA,DOBLE PROPOSITO,,,
2016,SUTAMARCHAN,LECHERIA TRADICIONAL,,,
2016,TOCA,DOBLE PROPOSITO,7,1020,7140
2016,TUTAZA,DOBLE PROPOSITO,7,150,1050
2016,MIRAFLORES,LECHERIA ESPECIALIZADA,15,35,525
2016,RAMIRIQUI,LECHERIA TRADICIONAL,,,
2016,RAQUIRA,DOBLE PROPOSITO,4,650,2600
2016,COMBITA,LECHERIA TRADICIONAL,15,3500,52500
2016,FIRAVITOBA,LECHERIA ESPECIALIZADA,22,800,17600
2016,NUEVO COLON,LECHERIA TRADICIONAL,,,
2016,TUNUNGUA,LECHERIA ESPECIALIZADA,,,
2016,CHITA,DOBLE PROPOSITO,4,500,2000
2016,CORRALES,LECHERIA ESPECIALIZADA,22,55,1210
2016,PAJARITO,DOBLE PROPOSITO,7,18,126
2016,GUICAN,DOBLE PROPOSITO,6,1950,11700
2016,FLORESTA,DOBLE PROPOSITO,,,
2016,CHITARAQUE,DOBLE PROPOSITO,4,180,720
2016,CHIVATA,LECHERIA ESPECIALIZADA,20,112,2240
2016,GAMEZA,DOBLE PROPOSITO,6.5,1000,6500
2016,SOTAQUIRA,LECHERIA TRADICIONAL,7,1240,8680
2016,NOBSA,LECHERIA ESPECIALIZADA,,,
2016,DUITAMA,LECHERIA ESPECIALIZADA,14,2200,30800
2016,TIBASOSA,DOBLE PROPOSITO,5,500,2500
2016,LABRANZAGRANDE,LECHERIA ESPECIALIZADA,,,
2016,CUBARA,LECHERIA ESPECIALIZADA,,,
2016,CAMPOHERMOSO,LECHERIA ESPECIALIZADA,,,
2016,CUCAITA,DOBLE PROPOSITO,,,
2016,BOYACA,LECHERIA ESPECIALIZADA,15,23,345
2016,OICATA,LECHERIA TRADICIONAL,8,1700,13600
2016,PANQUEBA,LECHERIA TRADICIONAL,7,520,3640
2016,FIRAVITOBA,LECHERIA TRADICIONAL,18,750,13500
2016,SOTAQUIRA,LECHERIA ESPECIALIZADA,18,6620,119160
2016,SUTATENZA,LECHERIA ESPECIALIZADA,,,
2016,CALDAS,DOBLE PROPOSITO,7,200,1400
2016,JENESANO,LECHERIA TRADICIONAL,10,1870,18700
2016,SAN JOSE DE PARE,DOBLE PROPOSITO,4,150,600
2016,QUIPAMA,DOBLE PROPOSITO,3,850,2550
2016,LABRANZAGRANDE,DOBLE PROPOSITO,4,1000,4000
2016,SOMONDOCO,LECHERIA TRADICIONAL,,,
2016,TURMEQUE,DOBLE PROPOSITO,5,500,2500
2016,SOATA,DOBLE PROPOSITO,3,90,270
2016,PAYA,DOBLE PROPOSITO,10,100,1000
2016,PUERTO BOYACA,LECHERIA TRADICIONAL,4,4800,19200
2016,SANTA MARIA,DOBLE PROPOSITO,4.7,3220,15134
2016,SORACA,DOBLE PROPOSITO,10,1020,10200
2016,MACANAL,LECHERIA ESPECIALIZADA,,,
2016,SATIVANORTE,LECHERIA ESPECIALIZADA,,,
2016,MOTAVITA,DOBLE PROPOSITO,6,1300,7800
2016,EL COCUY,DOBLE PROPOSITO,7,2500,17500
2016,JENESANO,LECHERIA ESPECIALIZADA,,,
2016,PAUNA,LECHERIA ESPECIALIZADA,12,700,8400
2016,SAN LUIS DE GACENO,LECHERIA TRADICIONAL,,,
2016,TUNJA,DOBLE PROPOSITO,6,1532,9192
2016,TINJACA,LECHERIA TRADICIONAL,4,97,388
2016,SANTANA,DOBLE PROPOSITO,4,170,680
2016,GUICAN,LECHERIA TRADICIONAL,7,590,4130
2016,SOATA,LECHERIA TRADICIONAL,6,120,720
2016,MOTAVITA,LECHERIA TRADICIONAL,4,230,920
2016,TOGUI,LECHERIA ESPECIALIZADA,10,50,500
2016,TOTA,LECHERIA TRADICIONAL,,,
2016,SAN LUIS DE GACENO,LECHERIA ESPECIALIZADA,,,
2016,RAQUIRA,LECHERIA ESPECIALIZADA,15,800,12000
2016,VIRACACHA,LECHERIA ESPECIALIZADA,14,200,2800
2016,RONDON,LECHERIA TRADICIONAL,7,1140,7980
2016,SUTATENZA,DOBLE PROPOSITO,5,127,635
2016,SUSACON,LECHERIA TRADICIONAL,4,350,1400
2016,PISBA,LECHERIA TRADICIONAL,3,155,465
2016,SAN MATEO,LECHERIA ESPECIALIZADA,,,
2016,PISBA,LECHERIA ESPECIALIZADA,,,
2016,SORACA,LECHERIA ESPECIALIZADA,15,220,3300
2016,CHINAVITA,LECHERIA ESPECIALIZADA,,,
2016,PESCA,DOBLE PROPOSITO,,,
2016,LA CAPILLA,DOBLE PROPOSITO,5,700,3500
2016,BUSBANZA,LECHERIA TRADICIONAL,,,
2016,BOYACA,LECHERIA TRADICIONAL,,,
2016,MIRAFLORES,DOBLE PROPOSITO,5,3315,16575
2016,SAMACA,DOBLE PROPOSITO,7,850,5950
2016,ZETAQUIRA,LECHERIA TRADICIONAL,4,450,1800
2016,ZETAQUIRA,LECHERIA ESPECIALIZADA,,,
2016,TUNJA,LECHERIA ESPECIALIZADA,,,
2016,BRICEÑO,DOBLE PROPOSITO,3,200,600
2016,SACHICA,LECHERIA TRADICIONAL,3,12,36
2016,PAIPA,DOBLE PROPOSITO,8,3200,25600
2016,TIBANA,DOBLE PROPOSITO,7,400,2800
2016,ARCABUCO,LECHERIA TRADICIONAL,10,610,6100
2016,MONGUI,LECHERIA TRADICIONAL,4,1200,4800
2016,PUERTO BOYACA,DOBLE PROPOSITO,6,6000,36000
2016,GARAGOA,DOBLE PROPOSITO,12,271,3252
2016,PACHAVITA,LECHERIA TRADICIONAL,,,
2016,CUCAITA,LECHERIA ESPECIALIZADA,,,
2016,PAEZ,LECHERIA ESPECIALIZADA,,,
2016,SOTAQUIRA,DOBLE PROPOSITO,7,1450,10150
2016,SANTA ROSA DE VITERBO,LECHERIA ESPECIALIZADA,10,1400,14000
2016,PAZ DE RIO,LECHERIA TRADICIONAL,,,
2016,SUTAMARCHAN,DOBLE PROPOSITO,8,1600,12800
2016,GACHANTIVA,DOBLE PROPOSITO,3.5,1000,3500
2016,SAN MATEO,LECHERIA TRADICIONAL,11,35,385
2016,EL ESPINO,LECHERIA ESPECIALIZADA,,,
2016,TUNUNGUA,DOBLE PROPOSITO,3,120,360
2016,PESCA,LECHERIA ESPECIALIZADA,13,600,7800
2016,MARIPI,DOBLE PROPOSITO,4,580,2320
2016,GACHANTIVA,LECHERIA TRADICIONAL,4,1000,4000
2016,TIPACOQUE,LECHERIA TRADICIONAL,,,
2016,TUTA,LECHERIA ESPECIALIZADA,15,498,7470
2016,OTANCHE,LECHERIA ESPECIALIZADA,10,60,600
2016,SORA,LECHERIA ESPECIALIZADA,,,
2016,PAUNA,LECHERIA TRADICIONAL,8,400,3200
2016,TOGUI,DOBLE PROPOSITO,5,550,2750
2016,BETEITIVA,LECHERIA TRADICIONAL,5,100,
2016,SOCHA,LECHERIA TRADICIONAL,5,450,2250
2016,CHIVATA,DOBLE PROPOSITO,5,260,1300
2016,CHITA,LECHERIA TRADICIONAL,5,855,4275
2016,CIENEGA,DOBLE PROPOSITO,12,1000,12000
2016,LA VICTORIA,LECHERIA TRADICIONAL,3,130,390
2016,CORRALES,DOBLE PROPOSITO,8,195,1560
2016,SUSACON,DOBLE PROPOSITO,5,650,3250
2016,MUZO,LECHERIA ESPECIALIZADA,8,,
2016,SOGAMOSO,LECHERIA ESPECIALIZADA,15,350,5250
2016,SAN LUIS DE GACENO,DOBLE PROPOSITO,3.5,8200,28700
2016,MONGUA,LECHERIA TRADICIONAL,6,550,3300
2016,GUICAN,LECHERIA ESPECIALIZADA,,,
2016,LA UVITA,LECHERIA ESPECIALIZADA,,,
2016,VIRACACHA,DOBLE PROPOSITO,5,70,350
2016,SAN MIGUEL DE SEMA,DOBLE PROPOSITO,7,100,700
2016,SANTANA,LECHERIA TRADICIONAL,,,
2016,PAIPA,LECHERIA TRADICIONAL,10,1740,17400
2016,LA VICTORIA,DOBLE PROPOSITO,3.5,25,87.5
2016,PACHAVITA,DOBLE PROPOSITO,5,1500,7500
2016,PAEZ,LECHERIA TRADICIONAL,,,
2016,DUITAMA,DOBLE PROPOSITO,6,1100,6600
2016,MACANAL,DOBLE PROPOSITO,4,1000,4000
2016,IZA,DOBLE PROPOSITO,7,372,2604
2016,SAN PABLO DE BORBUR,LECHERIA TRADICIONAL,12,220,2640
2016,TINJACA,LECHERIA ESPECIALIZADA,14,112,1568
2016,BELEN,LECHERIA ESPECIALIZADA,25,1000,25000
2016,NOBSA,LECHERIA TRADICIONAL,4,780,3120
2016,PUERTO BOYACA,LECHERIA ESPECIALIZADA,12,11000,132000
2016,UMBITA,LECHERIA TRADICIONAL,6,250,1500
2016,CHIQUINQUIRA,DOBLE PROPOSITO,5,2300,11500
2016,MARIPI,LECHERIA TRADICIONAL,6,430,2580
2016,COMBITA,LECHERIA ESPECIALIZADA,20,200,4000
2016,CHINAVITA,DOBLE PROPOSITO,8,100,800
2016,CUITIVA,LECHERIA ESPECIALIZADA,,,0
2016,GUAYATA,LECHERIA TRADICIONAL,6,550,3300
2016,BETEITIVA,LECHERIA ESPECIALIZADA,,,
2016,SOATA,LECHERIA ESPECIALIZADA,,,
2016,SOMONDOCO,LECHERIA ESPECIALIZADA,,,
2016,SABOYA,DOBLE PROPOSITO,,,
2016,OICATA,DOBLE PROPOSITO,12,55,660
2016,TASCO,DOBLE PROPOSITO,6,684,4104
2016,CAMPOHERMOSO,DOBLE PROPOSITO,3.5,1715,6002.5
2016,TUTAZA,LECHERIA TRADICIONAL,8,900,7200
2016,LA CAPILLA,LECHERIA ESPECIALIZADA,,,
2016,RONDON,DOBLE PROPOSITO,6,450,2700
2016,CHIQUINQUIRA,LECHERIA TRADICIONAL,,,
2016,SAN PABLO DE BORBUR,LECHERIA ESPECIALIZADA,,,
2016,TIPACOQUE,LECHERIA ESPECIALIZADA,,,
2016,VILLA DE LEYVA,DOBLE PROPOSITO,6,350,2100
2016,TASCO,LECHERIA TRADICIONAL,,,
2016,CERINZA,LECHERIA ESPECIALIZADA,14,500,7000
2016,SATIVANORTE,LECHERIA TRADICIONAL,,,
2016,PAYA,LECHERIA ESPECIALIZADA,18,40,720
2016,OTANCHE,LECHERIA TRADICIONAL,5,240,1200
2016,SAMACA,LECHERIA TRADICIONAL,10,780,7800
2016,CHISCAS,DOBLE PROPOSITO,4,1600,6400
2016,SORA,DOBLE PROPOSITO,,,
2016,UMBITA,DOBLE PROPOSITO,5,1200,6000
2016,GAMEZA,LECHERIA TRADICIONAL,,,
2016,TOPAGA,LECHERIA ESPECIALIZADA,,,
2016,FLORESTA,LECHERIA ESPECIALIZADA,,,
2016,CHITARAQUE,LECHERIA ESPECIALIZADA,,,
2016,LA UVITA,LECHERIA TRADICIONAL,4.5,650,2925
2016,PACHAVITA,LECHERIA ESPECIALIZADA,,,
2016,ALMEIDA,DOBLE PROPOSITO,8,510,4080
2016,VIRACACHA,LECHERIA TRADICIONAL,6,500,3000
2016,LA UVITA,DOBLE PROPOSITO,5,600,3000
2016,EL COCUY,LECHERIA ESPECIALIZADA,,,
2016,BETEITIVA,DOBLE PROPOSITO,3.5,1200,4200
2016,SOGAMOSO,LECHERIA TRADICIONAL,15,907,13605
2016,MARIPI,LECHERIA ESPECIALIZADA,16,135,2160
2016,TIBASOSA,LECHERIA TRADICIONAL,7,700,4900
2016,SOCHA,LECHERIA ESPECIALIZADA,,,
2016,MONGUI,DOBLE PROPOSITO,,,
2016,CERINZA,LECHERIA TRADICIONAL,5,120,600
2016,MONIQUIRA,DOBLE PROPOSITO,12,300,3600
2016,IZA,LECHERIA TRADICIONAL,12,117,1404
2016,AQUITANIA,LECHERIA TRADICIONAL,8,50,
2016,BOAVITA,DOBLE PROPOSITO,8,400,3200
2016,MONGUA,DOBLE PROPOSITO,7,1900,13300
2016,SACHICA,LECHERIA ESPECIALIZADA,,,
2016,UMBITA,LECHERIA ESPECIALIZADA,14,19,266
2016,CUITIVA,DOBLE PROPOSITO,12,203,2436
2016,TURMEQUE,LECHERIA ESPECIALIZADA,12,180,2160
2016,SANTA MARIA,LECHERIA TRADICIONAL,,,
2016,CALDAS,LECHERIA TRADICIONAL,10,1400,14000
2016,SUSACON,LECHERIA ESPECIALIZADA,20,80,1600
2016,SANTA ROSA DE VITERBO,LECHERIA TRADICIONAL,6,1300,7800
2016,TENZA,LECHERIA TRADICIONAL,5,40,200
2016,JERICO,LECHERIA ESPECIALIZADA,,,
2016,BUSBANZA,DOBLE PROPOSITO,4,120,480
2016,COVARACHIA,DOBLE PROPOSITO,,,
2016,SANTA SOFIA,LECHERIA TRADICIONAL,6,230,1380
2016,GACHANTIVA,LECHERIA ESPECIALIZADA,,,
2016,VILLA DE LEYVA,LECHERIA ESPECIALIZADA,,,
2016,BUENAVISTA,LECHERIA ESPECIALIZADA,9,16,144
2016,BRICEÑO,LECHERIA ESPECIALIZADA,6,280,1680
2016,SAN PABLO DE BORBUR,DOBLE PROPOSITO,3,1300,3900
2016,SAN MATEO,DOBLE PROPOSITO,4,450,1800
2016,GUATEQUE,LECHERIA ESPECIALIZADA,10,25,250
2016,BELEN,DOBLE PROPOSITO,5,3000,15000
2016,SOCOTA,DOBLE PROPOSITO,10,600,6000
2016,CHIVOR,LECHERIA TRADICIONAL,5,200,1000
2016,FIRAVITOBA,DOBLE PROPOSITO,15,400,6000
2016,PISBA,DOBLE PROPOSITO,2,310,620
2016,SAN EDUARDO,DOBLE PROPOSITO,8,783,6264
2016,PESCA,LECHERIA TRADICIONAL,6,950,5700
2016,SAN JOSE DE PARE,LECHERIA TRADICIONAL,,,
2016,VENTAQUEMADA,LECHERIA ESPECIALIZADA,17,1000,17000
2016,NOBSA,DOBLE PROPOSITO,,,
2016,SATIVASUR,LECHERIA TRADICIONAL,12,66,792
2016,CUITIVA,LECHERIA TRADICIONAL,15,50,750
2016,SIACHOQUE,LECHERIA ESPECIALIZADA,10,280,2800
2016,LA VICTORIA,LECHERIA ESPECIALIZADA,,,
2016,OTANCHE,DOBLE PROPOSITO,3,40,120
2016,SATIVANORTE,DOBLE PROPOSITO,10,1800,18000
2016,PAUNA,DOBLE PROPOSITO,4,120,480
2016,SANTA MARIA,LECHERIA ESPECIALIZADA,,,
2016,OICATA,LECHERIA ESPECIALIZADA,19,1580,30020
2016,TUTA,DOBLE PROPOSITO,6,4828,28968
2016,BUENAVISTA,LECHERIA TRADICIONAL,5,480,2400
2016,BERBEO,DOBLE PROPOSITO,5,50,250
2016,CHIVOR,LECHERIA ESPECIALIZADA,10,50,500
2016,TUNJA,LECHERIA TRADICIONAL,7,620,4340
2016,SABOYA,LECHERIA TRADICIONAL,,7000,
2016,CHISCAS,LECHERIA ESPECIALIZADA,,,
2016,CAMPOHERMOSO,LECHERIA TRADICIONAL,,,
2016,LABRANZAGRANDE,LECHERIA TRADICIONAL,,,
2016,JERICO,DOBLE PROPOSITO,,,
2016,SAN JOSE DE PARE,LECHERIA ESPECIALIZADA,,,
2016,EL ESPINO,LECHERIA TRADICIONAL,,,
2016,NUEVO COLON,DOBLE PROPOSITO,6,90,540
2016,GUACAMAYAS,DOBLE PROPOSITO,3,370,1110
2016,BUSBANZA,LECHERIA ESPECIALIZADA,,,
2016,MONIQUIRA,LECHERIA TRADICIONAL,4,3400,13600
2016,EL ESPINO,DOBLE PROPOSITO,6,800,4800
2016,TASCO,LECHERIA ESPECIALIZADA,,,
2016,EL COCUY,LECHERIA TRADICIONAL,,,
2016,MACANAL,LECHERIA TRADICIONAL,,,
2016,CHINAVITA,LECHERIA TRADICIONAL,10,1609,16090
2016,GUATEQUE,LECHERIA TRADICIONAL,8,75,600
2016,PAIPA,LECHERIA ESPECIALIZADA,30,2500,75000
2016,TOTA,DOBLE PROPOSITO,5,2300,11500
2016,MONIQUIRA,LECHERIA ESPECIALIZADA,20,620,12400
2016,CHIVOR,DOBLE PROPOSITO,4,300,1200
2016,BOAVITA,LECHERIA ESPECIALIZADA,10,100,1000
2016,SANTANA,LECHERIA ESPECIALIZADA,,,
2016,SUTAMARCHAN,LECHERIA ESPECIALIZADA,,,
2016,RAMIRIQUI,DOBLE PROPOSITO,5,1200,6000
2016,ALMEIDA,LECHERIA TRADICIONAL,8,85,680
2016,COVARACHIA,LECHERIA ESPECIALIZADA,,,
2016,SAN EDUARDO,LECHERIA ESPECIALIZADA,11,50,550
2016,IZA,LECHERIA ESPECIALIZADA,18,700,12600
2016,CUBARA,DOBLE PROPOSITO,5,150,750
2016,TIBANA,LECHERIA ESPECIALIZADA,10,50,500
2016,LA CAPILLA,LECHERIA TRADICIONAL,,,
2016,SAMACA,LECHERIA ESPECIALIZADA,15,150,2250
2018,ALMEIDA,LECHERIA ESPECIALIZADA,,,
2018,ALMEIDA,LECHERIA TRADICIONAL,7,70,490
2018,ALMEIDA,DOBLE PROPOSITO,6,380,2280
2018,AQUITANIA,LECHERIA ESPECIALIZADA,,,
2018,AQUITANIA,LECHERIA TRADICIONAL,,,
2018,AQUITANIA,DOBLE PROPOSITO,9,4229,38061
2018,ARCABUCO,LECHERIA ESPECIALIZADA,15,480,7200
2018,ARCABUCO,LECHERIA TRADICIONAL,10,610,6100
2018,ARCABUCO,DOBLE PROPOSITO,7,1540,10780
2018,BELEN,LECHERIA ESPECIALIZADA,15,820,12300
2018,BELEN,LECHERIA TRADICIONAL,6,1130,6780
2018,BELEN,DOBLE PROPOSITO,8,2800,22400
2018,BERBEO,LECHERIA ESPECIALIZADA,,,
2018,BERBEO,LECHERIA TRADICIONAL,6,100,600
2018,BERBEO,DOBLE PROPOSITO,6,65,390
2018,BETEITIVA,LECHERIA ESPECIALIZADA,,,
2018,BETEITIVA,LECHERIA TRADICIONAL,,,
2018,BETEITIVA,DOBLE PROPOSITO,3.5,1000,3500
2018,BOAVITA,LECHERIA ESPECIALIZADA,10,91,910
2018,BOAVITA,LECHERIA TRADICIONAL,4,637,2548
2018,BOAVITA,DOBLE PROPOSITO,8,1270,10160
2018,BOYACA,LECHERIA ESPECIALIZADA,,,
2018,BOYACA,LECHERIA TRADICIONAL,5,1500,7500
2018,BOYACA,DOBLE PROPOSITO,,,
2018,BRICEÑO,LECHERIA ESPECIALIZADA,8,200,1600
2018,BRICEÑO,LECHERIA TRADICIONAL,6,100,600
2018,BRICEÑO,DOBLE PROPOSITO,3,300,900
2018,BUENAVISTA,LECHERIA ESPECIALIZADA,10,200,2000
2018,BUENAVISTA,LECHERIA TRADICIONAL,9,500,4500
2018,BUENAVISTA,DOBLE PROPOSITO,7,700,4900
2018,BUSBANZA,LECHERIA ESPECIALIZADA,,,
2018,BUSBANZA,LECHERIA TRADICIONAL,,,
2018,BUSBANZA,DOBLE PROPOSITO,4,100,400
2018,CALDAS,LECHERIA ESPECIALIZADA,10,350,3500
2018,CALDAS,LECHERIA TRADICIONAL,8,700,5600
2018,CALDAS,DOBLE PROPOSITO,7,320,2240
2018,CAMPOHERMOSO,LECHERIA ESPECIALIZADA,,,
2018,CAMPOHERMOSO,LECHERIA TRADICIONAL,,,
2018,CAMPOHERMOSO,DOBLE PROPOSITO,4,3684,14736
2018,CERINZA,LECHERIA ESPECIALIZADA,15,954,14310
2018,CERINZA,LECHERIA TRADICIONAL,,,
2018,CERINZA,DOBLE PROPOSITO,8,1275,10200
2018,CHINAVITA,LECHERIA ESPECIALIZADA,,,
2018,CHINAVITA,LECHERIA TRADICIONAL,11,2156,23716
2018,CHINAVITA,DOBLE PROPOSITO,8,220,1760
2018,CHIQUINQUIRA,LECHERIA ESPECIALIZADA,15,8600,129000
2018,CHIQUINQUIRA,LECHERIA TRADICIONAL,,,
2018,CHIQUINQUIRA,DOBLE PROPOSITO,5,2500,12500
2018,CHIQUIZA,LECHERIA ESPECIALIZADA,,,
2018,CHIQUIZA,LECHERIA TRADICIONAL,,,
2018,CHIQUIZA,DOBLE PROPOSITO,10,1250,12500
2018,CHISCAS,LECHERIA ESPECIALIZADA,10,50,500
2018,CHISCAS,LECHERIA TRADICIONAL,2.5,807,2018
2018,CHISCAS,DOBLE PROPOSITO,3.5,1802,6307
2018,CHITA,LECHERIA ESPECIALIZADA,,,
2018,CHITA,LECHERIA TRADICIONAL,5,,
2018,CHITA,DOBLE PROPOSITO,7,,
2018,CHITARAQUE,LECHERIA ESPECIALIZADA,,,
2018,CHITARAQUE,LECHERIA TRADICIONAL,4,200,800
2018,CHITARAQUE,DOBLE PROPOSITO,,,
2018,CHIVATA,LECHERIA ESPECIALIZADA,9,172,1548
2018,CHIVATA,LECHERIA TRADICIONAL,6,822,4932
2018,CHIVATA,DOBLE PROPOSITO,,,
2018,CHIVOR,LECHERIA ESPECIALIZADA,,,
2018,CHIVOR,LECHERIA TRADICIONAL,7,540,3780
2018,CHIVOR,DOBLE PROPOSITO,9,200,1800
2018,CIENEGA,LECHERIA ESPECIALIZADA,15,250,3750
2018,CIENEGA,LECHERIA TRADICIONAL,10,1000,10000
2018,CIENEGA,DOBLE PROPOSITO,10,1000,10000
2018,COMBITA,LECHERIA ESPECIALIZADA,12,310,3720
2018,COMBITA,LECHERIA TRADICIONAL,8,3300,26400
2018,COMBITA,DOBLE PROPOSITO,10,1000,10000
2018,COPER,LECHERIA ESPECIALIZADA,10,80,800
2018,COPER,LECHERIA TRADICIONAL,3,350,1050
2018,COPER,DOBLE PROPOSITO,2,120,240
2018,CORRALES,LECHERIA ESPECIALIZADA,12,40,480
2018,CORRALES,LECHERIA TRADICIONAL,10,40,400
2018,CORRALES,DOBLE PROPOSITO,9,70,630
2018,COVARACHIA,LECHERIA ESPECIALIZADA,,,
2018,COVARACHIA,LECHERIA TRADICIONAL,5,400,2000
2018,COVARACHIA,DOBLE PROPOSITO,5,200,1000
2018,CUBARA,LECHERIA ESPECIALIZADA,,,
2018,CUBARA,LECHERIA TRADICIONAL,4,1300,5200
2018,CUBARA,DOBLE PROPOSITO,7,3750,26250
2018,CUCAITA,LECHERIA ESPECIALIZADA,10,70,700
2018,CUCAITA,LECHERIA TRADICIONAL,7,300,2100
2018,CUCAITA,DOBLE PROPOSITO,8,350,2800
2018,CUITIVA,LECHERIA ESPECIALIZADA,,,
2018,CUITIVA,LECHERIA TRADICIONAL,15,100,1500
2018,CUITIVA,DOBLE PROPOSITO,10,225,2250
2018,DUITAMA,LECHERIA ESPECIALIZADA,14,2500,35000
2018,DUITAMA,LECHERIA TRADICIONAL,3,1000,3000
2018,DUITAMA,DOBLE PROPOSITO,6,3500,21000
2018,SACHICA,DOBLE PROPOSITO,,,
2018,EL COCUY,LECHERIA ESPECIALIZADA,,,
2018,EL COCUY,LECHERIA TRADICIONAL,,,
2018,EL COCUY,DOBLE PROPOSITO,7,2500,17500
2018,EL ESPINO,LECHERIA ESPECIALIZADA,,,
2018,EL ESPINO,LECHERIA TRADICIONAL,,,
2018,EL ESPINO,DOBLE PROPOSITO,6,1050,6300
2018,FIRAVITOBA,LECHERIA ESPECIALIZADA,15,1310,19650
2018,FIRAVITOBA,LECHERIA TRADICIONAL,8,2100,16800
2018,FIRAVITOBA,DOBLE PROPOSITO,10,1000,10000
2018,FLORESTA,LECHERIA ESPECIALIZADA,,,
2018,FLORESTA,LECHERIA TRADICIONAL,5.5,2500,13750
2018,FLORESTA,DOBLE PROPOSITO,,,
2018,GACHANTIVA,LECHERIA ESPECIALIZADA,11,20,220
2018,GACHANTIVA,LECHERIA TRADICIONAL,4,500,2000
2018,GACHANTIVA,DOBLE PROPOSITO,3.5,500,1750
2018,GAMEZA,LECHERIA ESPECIALIZADA,,,
2018,GAMEZA,LECHERIA TRADICIONAL,,,
2018,GAMEZA,DOBLE PROPOSITO,8,1950,15600
2018,GARAGOA,LECHERIA ESPECIALIZADA,,,
2018,GARAGOA,LECHERIA TRADICIONAL,7,563,3941
2018,GARAGOA,DOBLE PROPOSITO,5,3590,17950
2018,GUACAMAYAS,LECHERIA ESPECIALIZADA,,,
2018,GUACAMAYAS,LECHERIA TRADICIONAL,,,
2018,GUACAMAYAS,DOBLE PROPOSITO,3,320,960
2018,GUATEQUE,LECHERIA ESPECIALIZADA,8,35,280
2018,GUATEQUE,LECHERIA TRADICIONAL,6,75,450
2018,GUATEQUE,DOBLE PROPOSITO,5,300,1500
2018,GUAYATA,LECHERIA ESPECIALIZADA,,,
2018,GUAYATA,LECHERIA TRADICIONAL,6,620,3720
2018,GUAYATA,DOBLE PROPOSITO,6,200,1200
2018,GUICAN,LECHERIA ESPECIALIZADA,12,150,1800
2018,GUICAN,LECHERIA TRADICIONAL,6,350,2100
2018,GUICAN,DOBLE PROPOSITO,8,160,1280
2018,IZA,LECHERIA ESPECIALIZADA,15,470,7050
2018,IZA,LECHERIA TRADICIONAL,10.1,90,909
2018,IZA,DOBLE PROPOSITO,8.3,360,2988
2018,JENESANO,LECHERIA ESPECIALIZADA,10,350,3500
2018,JENESANO,LECHERIA TRADICIONAL,7,750,5250
2018,JENESANO,DOBLE PROPOSITO,6,520,3120
2018,JERICO,LECHERIA ESPECIALIZADA,,,
2018,JERICO,LECHERIA TRADICIONAL,6,300,1800
2018,JERICO,DOBLE PROPOSITO,10,540,5400
2018,LA CAPILLA,LECHERIA ESPECIALIZADA,,,
2018,LA CAPILLA,LECHERIA TRADICIONAL,,,
2018,LA CAPILLA,DOBLE PROPOSITO,5,800,4000
2018,LA UVITA,LECHERIA ESPECIALIZADA,,,
2018,LA UVITA,LECHERIA TRADICIONAL,7,730,5110
2018,LA UVITA,DOBLE PROPOSITO,10,1150,11500
2018,LA VICTORIA,LECHERIA ESPECIALIZADA,,,
2018,LA VICTORIA,LECHERIA TRADICIONAL,5,250,1250
2018,LA VICTORIA,DOBLE PROPOSITO,5,250,1250
2018,LABRANZAGRANDE,LECHERIA ESPECIALIZADA,,,
2018,LABRANZAGRANDE,LECHERIA TRADICIONAL,,,
2018,LABRANZAGRANDE,DOBLE PROPOSITO,5,900,4500
2018,MACANAL,LECHERIA ESPECIALIZADA,,,
2018,MACANAL,LECHERIA TRADICIONAL,8,100,800
2018,MACANAL,DOBLE PROPOSITO,4,2046,8184
2018,MARIPI,LECHERIA ESPECIALIZADA,10,180,1800
2018,MARIPI,LECHERIA TRADICIONAL,7,590,4130
2018,MARIPI,DOBLE PROPOSITO,4,760,3040
2018,MIRAFLORES,LECHERIA ESPECIALIZADA,13,50,650
2018,MIRAFLORES,LECHERIA TRADICIONAL,4,3600,14400
2018,MIRAFLORES,DOBLE PROPOSITO,6,1658,9948
2018,MONGUA,LECHERIA ESPECIALIZADA,,,
2018,MONGUA,LECHERIA TRADICIONAL,7,570,3990
2018,MONGUA,DOBLE PROPOSITO,8,890,7120
2018,MONGUI,LECHERIA ESPECIALIZADA,,,
2018,MONGUI,LECHERIA TRADICIONAL,,,
2018,MONGUI,DOBLE PROPOSITO,4,1100,4400
2018,MONIQUIRA,LECHERIA ESPECIALIZADA,12,620,7440
2018,MONIQUIRA,LECHERIA TRADICIONAL,4,2650,10600
2018,MONIQUIRA,DOBLE PROPOSITO,8,300,2400
2018,MOTAVITA,LECHERIA ESPECIALIZADA,10,200,2000
2018,MOTAVITA,LECHERIA TRADICIONAL,5,150,750
2018,MOTAVITA,DOBLE PROPOSITO,7,1350,9450
2018,MUZO,LECHERIA ESPECIALIZADA,10,300,3000
2018,MUZO,LECHERIA TRADICIONAL,8,700,5600
2018,MUZO,DOBLE PROPOSITO,4,800,3200
2018,NOBSA,LECHERIA ESPECIALIZADA,,,
2018,NOBSA,LECHERIA TRADICIONAL,4,950,3800
2018,NOBSA,DOBLE PROPOSITO,,,
2018,NUEVO COLON,LECHERIA ESPECIALIZADA,,,
2018,NUEVO COLON,LECHERIA TRADICIONAL,,,
2018,NUEVO COLON,DOBLE PROPOSITO,6,90,540
2018,OICATA,LECHERIA ESPECIALIZADA,16,900,14400
2018,OICATA,LECHERIA TRADICIONAL,8,500,4000
2018,OICATA,DOBLE PROPOSITO,7,200,1400
2018,OTANCHE,LECHERIA ESPECIALIZADA,10,60,600
2018,OTANCHE,LECHERIA TRADICIONAL,8,500,4000
2018,OTANCHE,DOBLE PROPOSITO,4,3100,12400
2018,PACHAVITA,LECHERIA ESPECIALIZADA,,,
2018,PACHAVITA,LECHERIA TRADICIONAL,5,220,1100
2018,PACHAVITA,DOBLE PROPOSITO,5,1400,7000
2018,PAEZ,LECHERIA ESPECIALIZADA,,,
2018,PAEZ,LECHERIA TRADICIONAL,,,
2018,PAEZ,DOBLE PROPOSITO,4,3150,12600
2018,PAIPA,LECHERIA ESPECIALIZADA,18,100,1800
2018,PAIPA,LECHERIA TRADICIONAL,9,3450,31050
2018,PAIPA,DOBLE PROPOSITO,10,6050,60500
2018,PAJARITO,LECHERIA ESPECIALIZADA,,,
2018,PAJARITO,LECHERIA TRADICIONAL,9,122,1098
2018,PAJARITO,DOBLE PROPOSITO,6,175,1050
2018,PANQUEBA,LECHERIA ESPECIALIZADA,13,50,650
2018,PANQUEBA,LECHERIA TRADICIONAL,7,260,1820
2018,PANQUEBA,DOBLE PROPOSITO,5,300,1500
2018,PAUNA,LECHERIA ESPECIALIZADA,12,730,8760
2018,PAUNA,LECHERIA TRADICIONAL,8,440,3520
2018,PAUNA,DOBLE PROPOSITO,4,720,2880
2018,PAYA,LECHERIA ESPECIALIZADA,12,15,180
2018,PAYA,LECHERIA TRADICIONAL,4,500,2000
2018,PAYA,DOBLE PROPOSITO,8,75,600
2018,PAZ DE RIO,LECHERIA ESPECIALIZADA,,,
2018,PAZ DE RIO,LECHERIA TRADICIONAL,,,
2018,PAZ DE RIO,DOBLE PROPOSITO,6,400,2400
2018,PESCA,LECHERIA ESPECIALIZADA,12,600,7200
2018,PESCA,LECHERIA TRADICIONAL,8,1800,14400
2018,PESCA,DOBLE PROPOSITO,7,2300,16100
2018,PISBA,LECHERIA ESPECIALIZADA,,,
2018,PISBA,LECHERIA TRADICIONAL,3,173,519
2018,PISBA,DOBLE PROPOSITO,2,345,690
2018,PUERTO BOYACA,LECHERIA ESPECIALIZADA,10,3800,38000
2018,PUERTO BOYACA,LECHERIA TRADICIONAL,3,7000,21000
2018,PUERTO BOYACA,DOBLE PROPOSITO,3.5,20000,70000
2018,QUIPAMA,LECHERIA ESPECIALIZADA,,,
2018,QUIPAMA,LECHERIA TRADICIONAL,,,
2018,QUIPAMA,DOBLE PROPOSITO,3,700,2100
2018,RAMIRIQUI,LECHERIA ESPECIALIZADA,,,
2018,RAMIRIQUI,LECHERIA TRADICIONAL,10,200,2000
2018,RAMIRIQUI,DOBLE PROPOSITO,8,3000,24000
2018,RAQUIRA,LECHERIA ESPECIALIZADA,15,87,1305
2018,RAQUIRA,LECHERIA TRADICIONAL,8,750,6000
2018,RAQUIRA,DOBLE PROPOSITO,4,500,2000
2018,RONDON,LECHERIA ESPECIALIZADA,,,
2018,RONDON,LECHERIA TRADICIONAL,7,1370,9590
2018,RONDON,DOBLE PROPOSITO,6,400,2400
2018,SABOYA,LECHERIA ESPECIALIZADA,15,1800,27000
2018,SABOYA,LECHERIA TRADICIONAL,,,
2018,SABOYA,DOBLE PROPOSITO,7,1400,9800
2018,SACHICA,LECHERIA ESPECIALIZADA,,,
2018,SACHICA,LECHERIA TRADICIONAL,2.5,16,40
2018,SAMACA,LECHERIA ESPECIALIZADA,14,350,4900
2018,SAMACA,LECHERIA TRADICIONAL,7,790,5530
2018,SAMACA,DOBLE PROPOSITO,8,1530,12240
2018,SAN EDUARDO,LECHERIA ESPECIALIZADA,11,50,550
2018,SAN EDUARDO,LECHERIA TRADICIONAL,9,80,720
2018,SAN EDUARDO,DOBLE PROPOSITO,7,750,5250
2018,SAN JOSE DE PARE,LECHERIA ESPECIALIZADA,,,
2018,SAN JOSE DE PARE,LECHERIA TRADICIONAL,6,120,720
2018,SAN JOSE DE PARE,DOBLE PROPOSITO,8,50,400
2018,SAN LUIS DE GACENO,LECHERIA ESPECIALIZADA,,,
2018,SAN LUIS DE GACENO,LECHERIA TRADICIONAL,,,
2018,SAN LUIS DE GACENO,DOBLE PROPOSITO,3.5,7303,25561
2018,SAN MATEO,LECHERIA ESPECIALIZADA,,,
2018,SAN MATEO,LECHERIA TRADICIONAL,9,52,468
2018,SAN MATEO,DOBLE PROPOSITO,4,485,1940
2018,SAN MIGUEL DE SEMA,LECHERIA ESPECIALIZADA,18,4500,81000
2018,SAN MIGUEL DE SEMA,LECHERIA TRADICIONAL,12,3000,36000
2018,SAN MIGUEL DE SEMA,DOBLE PROPOSITO,8,100,800
2018,SAN PABLO DE BORBUR,LECHERIA ESPECIALIZADA,,,
2018,SAN PABLO DE BORBUR,LECHERIA TRADICIONAL,12,350,4200
2018,SAN PABLO DE BORBUR,DOBLE PROPOSITO,3,1800,5400
2018,SANTA MARIA,LECHERIA ESPECIALIZADA,,,
2018,SANTA MARIA,LECHERIA TRADICIONAL,,,
2018,SANTA MARIA,DOBLE PROPOSITO,7.5,4086,30645
2018,SANTA ROSA DE VITERBO,LECHERIA ESPECIALIZADA,8,1250,10000
2018,SANTA ROSA DE VITERBO,LECHERIA TRADICIONAL,6,1250,7500
2018,SANTA ROSA DE VITERBO,DOBLE PROPOSITO,5,3600,18000
2018,SANTA SOFIA,LECHERIA ESPECIALIZADA,,,
2018,SANTA SOFIA,LECHERIA TRADICIONAL,7,280,1960
2018,SANTA SOFIA,DOBLE PROPOSITO,5,350,1750
2018,SANTANA,LECHERIA ESPECIALIZADA,,,
2018,SANTANA,LECHERIA TRADICIONAL,,,
2018,SANTANA,DOBLE PROPOSITO,4,180,720
2018,SATIVANORTE,LECHERIA ESPECIALIZADA,,,
2018,SATIVANORTE,LECHERIA TRADICIONAL,9,1200,10800
2018,SATIVANORTE,DOBLE PROPOSITO,,,
2018,SATIVASUR,LECHERIA ESPECIALIZADA,10,43,430
2018,SATIVASUR,LECHERIA TRADICIONAL,8,162,1296
2018,SATIVASUR,DOBLE PROPOSITO,7,250,1750
2018,SIACHOQUE,LECHERIA ESPECIALIZADA,12,1000,12000
2018,SIACHOQUE,LECHERIA TRADICIONAL,8,300,2400
2018,SIACHOQUE,DOBLE PROPOSITO,10,380,3800
2018,SOATA,LECHERIA ESPECIALIZADA,,,
2018,SOATA,LECHERIA TRADICIONAL,5,100,500
2018,SOATA,DOBLE PROPOSITO,2.5,84,210
2018,SOCHA,LECHERIA ESPECIALIZADA,10,80,800
2018,SOCHA,LECHERIA TRADICIONAL,7,755,5285
2018,SOCHA,DOBLE PROPOSITO,8,530,4240
2018,SOCOTA,LECHERIA ESPECIALIZADA,,,
2018,SOCOTA,LECHERIA TRADICIONAL,12,100,1200
2018,SOCOTA,DOBLE PROPOSITO,10,1000,10000
2018,SOGAMOSO,LECHERIA ESPECIALIZADA,14,950,13300
2018,SOGAMOSO,LECHERIA TRADICIONAL,4,1850,7400
2018,SOGAMOSO,DOBLE PROPOSITO,5,1012,5060
2018,SOMONDOCO,LECHERIA ESPECIALIZADA,,,
2018,SOMONDOCO,LECHERIA TRADICIONAL,,,
2018,SOMONDOCO,DOBLE PROPOSITO,4.5,673,3029
2018,SORA,LECHERIA ESPECIALIZADA,,,
2018,SORA,LECHERIA TRADICIONAL,10,830,8300
2018,SORA,DOBLE PROPOSITO,7,400,2800
2018,SORACA,LECHERIA ESPECIALIZADA,13,500,6500
2018,SORACA,LECHERIA TRADICIONAL,7,700,4900
2018,SORACA,DOBLE PROPOSITO,10,1600,16000
2018,SOTAQUIRA,LECHERIA ESPECIALIZADA,16,4404,70464
2018,SOTAQUIRA,LECHERIA TRADICIONAL,10,1210,12100
2018,SOTAQUIRA,DOBLE PROPOSITO,7,1630,11410
2018,SUSACON,LECHERIA ESPECIALIZADA,10,82,820
2018,SUSACON,LECHERIA TRADICIONAL,4,355,1420
2018,SUSACON,DOBLE PROPOSITO,5,558,2790
2018,SUTAMARCHAN,LECHERIA ESPECIALIZADA,,,
2018,SUTAMARCHAN,LECHERIA TRADICIONAL,,,
2018,SUTAMARCHAN,DOBLE PROPOSITO,6,802,4812
2018,SUTATENZA,LECHERIA ESPECIALIZADA,,,
2018,SUTATENZA,LECHERIA TRADICIONAL,7,78,546
2018,SUTATENZA,DOBLE PROPOSITO,5,138,690
2018,TASCO,LECHERIA ESPECIALIZADA,,,
2018,TASCO,LECHERIA TRADICIONAL,,,
2018,TASCO,DOBLE PROPOSITO,7,500,3500
2018,TENZA,LECHERIA ESPECIALIZADA,,,
2018,TENZA,LECHERIA TRADICIONAL,3,340,1020
2018,TENZA,DOBLE PROPOSITO,4,350,1400
2018,TIBANA,LECHERIA ESPECIALIZADA,,,
2018,TIBANA,LECHERIA TRADICIONAL,6,740,4440
2018,TIBANA,DOBLE PROPOSITO,8,1550,12400
2018,TIBASOSA,LECHERIA ESPECIALIZADA,12,40,480
2018,TIBASOSA,LECHERIA TRADICIONAL,6,1000,6000
2018,TIBASOSA,DOBLE PROPOSITO,8,830,6640
2018,TINJACA,LECHERIA ESPECIALIZADA,11,126,1386
2018,TINJACA,LECHERIA TRADICIONAL,4,76,304
2018,TINJACA,DOBLE PROPOSITO,7,535,3745
2018,TIPACOQUE,LECHERIA ESPECIALIZADA,,,
2018,TIPACOQUE,LECHERIA TRADICIONAL,,,
2018,TIPACOQUE,DOBLE PROPOSITO,8,190,1520
2018,TOCA,LECHERIA ESPECIALIZADA,13,700,9100
2018,TOCA,LECHERIA TRADICIONAL,8,920,7360
2018,TOCA,DOBLE PROPOSITO,8,1550,12400
2018,TOGUI,LECHERIA ESPECIALIZADA,9,30,270
2018,TOGUI,LECHERIA TRADICIONAL,6,200,1200
2018,TOGUI,DOBLE PROPOSITO,4,470,1880
2018,TOPAGA,LECHERIA ESPECIALIZADA,,,
2018,TOPAGA,LECHERIA TRADICIONAL,,,
2018,TOPAGA,DOBLE PROPOSITO,6,480,2880
2018,TOTA,LECHERIA ESPECIALIZADA,,,
2018,TOTA,LECHERIA TRADICIONAL,,,
2018,TOTA,DOBLE PROPOSITO,5,2600,13000
2018,TUNJA,LECHERIA ESPECIALIZADA,,,
2018,TUNJA,LECHERIA TRADICIONAL,7,625,4375
2018,TUNJA,DOBLE PROPOSITO,6,1527,9162
2018,TUNUNGUA,LECHERIA ESPECIALIZADA,,,
2018,TUNUNGUA,LECHERIA TRADICIONAL,,,
2018,TUNUNGUA,DOBLE PROPOSITO,3,90,270
2018,TURMEQUE,LECHERIA ESPECIALIZADA,10,350,3500
2018,TURMEQUE,LECHERIA TRADICIONAL,,,
2018,TURMEQUE,DOBLE PROPOSITO,6,2150,12900
2018,TUTA,LECHERIA ESPECIALIZADA,15,800,12000
2018,TUTA,LECHERIA TRADICIONAL,8,1100,8800
2018,TUTA,DOBLE PROPOSITO,10,5550,55500
2018,TUTAZA,LECHERIA ESPECIALIZADA,,,
2018,TUTAZA,LECHERIA TRADICIONAL,,,
2018,TUTAZA,DOBLE PROPOSITO,5,2800,14000
2018,UMBITA,LECHERIA ESPECIALIZADA,12,210,2520
2018,UMBITA,LECHERIA TRADICIONAL,4,1200,4800
2018,UMBITA,DOBLE PROPOSITO,6,700,4200
2018,VENTAQUEMADA,LECHERIA ESPECIALIZADA,,,
2018,VENTAQUEMADA,LECHERIA TRADICIONAL,10,1720,17200
2018,VENTAQUEMADA,DOBLE PROPOSITO,8,136,1088
2018,VILLA DE LEYVA,LECHERIA ESPECIALIZADA,,,
2018,VILLA DE LEYVA,LECHERIA TRADICIONAL,7,700,4900
2018,VILLA DE LEYVA,DOBLE PROPOSITO,7,200,1400
2018,VIRACACHA,LECHERIA ESPECIALIZADA,8,40,320
2018,VIRACACHA,LECHERIA TRADICIONAL,5,300,1500
2018,VIRACACHA,DOBLE PROPOSITO,6.5,60,390
2018,ZETAQUIRA,LECHERIA ESPECIALIZADA,10,100,1000
2018,ZETAQUIRA,LECHERIA TRADICIONAL,5,1000,5000
2018,ZETAQUIRA,DOBLE PROPOSITO,8,1500,12000
